0,0,0,0,0,0,0,0,0,0,1.5258,2.28871,3.05161,3.05161,255,4.38669,0.762902,2.28871,5.14959,0,5.14959,0.381451,4.95886,2.47943,0.190725,2.09798,3.24233,7.24757,10.4899,153.725,4.57741,1.5258,3.62378,9.91773,0.953627,4.38669,2.09798,5.72177,2.47943,0.190725,3.05161,6.10322,10.8714,14.8766,146.286,0,0,0,0.190725,0,0,0,1.5258,0,0,0,0.190725,4.38669,10.6806,242.412,0,0.190725,0.572177,3.05161,0,0.762902,0.190725,2.09798,1.33508,0,5.53104,4.57741,4.19596,7.24757,193.014,0.762902,0.381451,0.762902,3.24233,0,0.190725,0,0.381451,0,0,0.381451,3.05161,6.67539,10.1085,248.325,0.190725,0.190725,2.47943,0.953627,0,0.190725,0.190725,0.572177,0,0,1.33508,2.28871,8.2012,17.356,230.396,0.190725,0,0.572177,2.67016,0,0.572177,0,3.62378,1.90725,0,5.72176,2.28871,4.76814,14.3044,155.06,0,0.381451,1.71653,5.14959,0.190725,1.5258,0.762902,2.86088,2.28871,0,10.2992,9.34555,12.9693,13.7322,160.591,0.381451,0,0,1.33508,0,0.190725,0,0.953627,0,0.190725,0.762902,1.90725,12.9693,20.0262,229.252,0.190725,0.190725,1.33508,1.5258,0.762902,0.762902,0.762902,0.762902,0.953627,0,1.90725,10.6806,12.5879,8.9641,232.304,1.14435,0.381451,1.5258,2.67016,0.762902,0.953627,0.953627,4.57741,0.190725,0.190725,3.62378,5.72176,12.2064,18.5004,144.951,1.71653,0.953627,2.09798,4.19596,0.381451,1.90725,0.572177,3.05161,0.953627,0,1.71653,2.67016,8.01047,6.67539,219.716,0.762902,0.953627,4.95886,8.2012,0.190725,2.86088,0,3.05161,1.90725,0.190725,3.62378,2.28871,9.53627,6.10322,201.788,1.5258,1.33508,0.572177,3.43306,0,1.14435,0.381451,3.24233,1.33508,0.762902,3.43306,2.86088,5.53104,12.7786,192.633,0.762902,0.381451,4.95886,10.1085,0.190725,1.90725,0.190725,4.38669,1.33508,0,2.28871,2.67016,9.53627,4.76814,195.684
0,0,0,0,0,0,0,0,0,0,0,1.16616,0.38872,0.38872,255,4.47027,0.777439,1.36052,4.85899,1.16616,3.8872,0.971799,4.47027,3.8872,0.19436,3.49848,1.36052,3.49848,8.16311,140.716,1.55488,0.777439,2.9154,7.77439,0.19436,4.08155,0.583079,4.85899,2.33232,0.777439,4.08155,3.88719,7.77439,10.8841,117.005,0,0,0,0,0,0,0,0,0,0,0,0.38872,3.10976,0.777439,245.671,0,0,0,0,0,0,0,0,0,0,0,11.6616,11.2729,10.6898,173.369,2.33232,0.971799,1.9436,4.47027,0.38872,2.13796,0,2.9154,0.777439,0.19436,0.777439,4.85899,8.55183,11.6616,163.651,0.583079,2.33232,5.05335,7.96875,0.583079,1.36052,0.38872,4.47027,2.52668,0.19436,2.13796,4.27591,10.6898,6.41387,157.431,0,0.19436,0.583079,2.52668,0,0.38872,0.19436,0.777439,0.19436,0,1.9436,2.13796,14.7713,16.9093,147.519,0,0,0.971799,3.8872,0,0.38872,0,1.74924,0.777439,0,2.72104,4.85899,7.96875,10.8841,147.519,0,0,0.19436,0.19436,0,0,0,0.19436,0,0,0,12.2447,15.5488,13.0221,201.357,0,0,0,0,0,0.19436,0,0.38872,0.38872,0,0.19436,4.27591,26.0442,22.157,176.479,0.971799,0.583079,1.74924,1.74924,0.19436,0.583079,0.777439,1.55488,0.38872,0,2.13796,5.24771,16.7149,20.9909,153.35,2.13796,0.19436,0.971799,4.27591,0.583079,0.583079,0.38872,1.16616,1.16616,0,5.05335,2.33232,8.16311,7.77439,174.535,3.69284,0.777439,2.72104,1.74924,1.16616,1.16616,1.36052,2.33232,0.38872,0.19436,0.583079,6.21951,33.6242,18.8529,139.745,1.16616,2.72104,3.69284,6.80259,0.583079,0.777439,0.777439,1.36052,1.9436,0,2.33232,7.96875,27.2104,11.4672,158.792,2.33232,1.74924,3.30412,3.49848,1.55488,0.777439,0.777439,2.9154,0.19436,0,0.583079,5.83079,20.7965,13.0221,154.322
0,0,0,0,0,0,0,0,0,0,0,0.678793,2.48891,0.452529,255,3.1677,1.35759,0.905058,5.65661,0,2.48891,0,2.26264,1.81012,0.678793,2.71517,1.81012,4.29902,9.50311,136.664,2.03638,0.905058,1.81012,3.8465,0.226264,4.07276,0.678793,4.75155,2.26264,0.678793,5.88287,3.39397,4.75155,7.69299,136.437,0,0,0,0,0,0,0,0,0,0,0,0,0,0,251.154,3.1677,1.58385,2.94144,4.07276,0.678793,2.94144,0.452529,2.26264,0.678793,0,1.13132,4.07276,5.65661,9.05058,165.173,2.03638,2.26264,6.56167,12.6708,0.678793,4.07276,1.35759,5.88287,2.71517,0.452529,4.52529,3.1677,7.24046,16.0648,112.68,2.26264,1.81012,5.65661,11.992,0.452529,5.65661,0.678793,6.78793,4.97782,0.226264,6.78793,2.71517,7.24046,11.3132,102.045,1.58385,0.678793,1.58385,4.07276,0.452529,2.94144,1.35759,3.8465,4.29902,0.452529,4.29902,1.58385,5.20408,8.37178,134.854,3.39397,0.226264,0.226264,1.58385,0,4.52529,0.452529,2.94144,2.03638,0,2.26264,0.226264,1.58385,7.91926,144.809,1.13132,1.58385,2.03638,4.52529,0.226264,2.71517,0.905058,3.62023,1.58385,0.452529,4.75155,1.35759,5.20408,10.4082,165.173,1.58385,1.13132,4.75155,6.10914,0,4.29902,0.226264,5.65661,2.26264,0,3.84649,2.48891,12.6708,15.6122,133.27,3.1677,0.452529,0,1.58385,0,4.07276,0,3.8465,2.26264,0.226264,4.97782,0.678793,2.48891,5.43035,128.518,2.26264,0.452529,0.452529,3.62023,0,1.35759,0,2.71517,1.35759,0,3.1677,1.13132,11.7657,12.2183,142.32,0.678793,0.905058,1.81012,15.6122,0.226264,1.35759,0.226264,2.26264,1.58385,0.226264,4.52529,3.1677,21.4951,10.1819,147.977,1.13132,1.13132,2.48891,8.59805,0.226264,2.48891,0.226264,3.39397,2.03638,0,4.07276,5.65661,26.4729,19.685,135.985,2.48891,2.03638,3.39397,2.71517,1.13132,1.81012,1.81012,3.1677,1.81012,0,3.62023,10.6344,19.0062,14.0284,121.73
0,0,0.204655,0.613965,0,0.204655,0,0.81862,0.40931,0,3.88844,4.91172,13.9165,6.95827,240.265,3.47913,1.02327,1.43258,5.32103,0.40931,3.27448,0,2.45586,1.22793,0.204655,2.04655,2.2512,11.0514,17.191,168.636,3.68379,0.40931,4.29775,3.47913,0.613965,3.47913,1.43258,3.47913,2.2512,0,3.06982,4.70706,11.0514,7.77689,175.594,0,0,0.40931,0.613965,0,0.204655,0,1.43258,0,0,0.40931,2.2512,8.80016,7.57223,255,2.04655,0.81862,1.84189,3.68379,0.613965,0.613965,0.40931,1.02327,0.613965,0,5.52568,4.0931,14.1212,10.2327,192.171,0,0,1.63724,3.27448,0,1.22793,0,2.45586,1.43258,0,2.66051,1.63724,18.4189,18.2143,212.022,0,0,0.40931,2.04655,0,0.204655,0,0.40931,1.02327,0,2.66051,7.57223,25.5819,7.77689,223.483,0.613965,0.613965,1.02327,1.22793,0.40931,1.02327,0.204655,4.70706,0.81862,0,2.04655,2.2512,14.1212,16.577,175.389,1.84189,0.40931,1.02327,2.66051,0.204655,1.84189,0.40931,3.47913,2.2512,0.204655,6.95827,3.47913,8.59551,10.6421,214.683,0.613965,0.613965,0.613965,1.63724,0.204655,1.43258,0,4.50241,1.22793,0.204655,2.2512,1.43258,6.75361,18.4189,222.46,0,0.613965,1.84189,5.32103,0.613965,1.22793,1.43258,2.04655,0.81862,0,1.84189,6.75361,8.80016,9.20947,229.623,2.66051,1.43258,4.29775,5.11637,0.81862,5.32103,1.22793,9.20947,0.204655,0.40931,1.22793,0.81862,4.91172,9.20947,193.194,1.02327,0.204655,1.84189,9.41413,0,2.45586,0.40931,4.50241,1.22793,0,2.45586,1.63724,4.50241,9.82343,226.553,1.43258,1.22793,4.0931,7.36758,0.204655,3.88844,0.613965,6.3443,2.86517,0.40931,4.91172,4.50241,9.41412,11.87,179.687,0,0.204655,1.84189,7.16292,0,1.22793,0,5.11637,0.81862,0.204655,4.70706,2.04655,14.5305,11.0514,206.292,0.40931,0,1.43258,4.0931,0,1.02327,0,3.27448,0.613965,0,2.45586,2.66051,6.54896,6.3443,230.646
1.34494,0.268987,0,0,0,0.537975,0,0.537975,0,0.268987,0.806962,0.806962,4.57278,2.1519,255,2.42089,1.61392,5.37975,6.72468,0.268987,5.91772,0.268987,6.4557,5.37975,0.806962,6.4557,4.3038,8.33861,15.6013,100.332,2.1519,1.07595,2.68987,14.5253,0,3.22785,0.268987,1.88291,3.22785,0,9.95253,1.34494,5.11076,3.76582,155.206,0.537975,0,0,0,0,0.537975,0,0,0,0,0,2.42089,8.6076,4.57278,250.427,0.537975,0.268987,0,0.537975,0,0.268987,0,0.268987,0.806962,0,7.53165,1.07595,2.95886,2.95886,170,2.95886,1.34494,3.22785,6.99367,0.537975,1.61392,0.806962,3.22785,1.61392,1.34494,4.3038,3.22785,12.6424,12.6424,153.323,3.49684,1.34494,3.22785,9.41456,0.268987,3.49684,0.537975,3.49684,4.57278,0,5.37975,4.57278,16.4082,16.9462,140.68,0.537975,0,1.88291,2.1519,0,2.1519,0,11.8354,0.268987,0,0,2.42089,8.87658,12.1044,138.528,0,0,0.268987,1.88291,0,0,0,1.88291,0.806962,0,5.91772,6.72468,7.80063,8.87658,137.991,0,0,0,0,0,0,0,0.806962,0,0,0.806962,2.95886,2.42089,6.4557,215.728,0,0.806962,1.07595,4.57278,0,0.537975,0,2.95886,1.34494,0,2.42089,2.42089,6.99367,14.2563,202.816,0,0.537975,2.42089,6.18671,0,1.34494,0.268987,7.26266,2.1519,0,1.07595,2.42089,7.80063,25.0158,104.905,4.57278,1.88291,3.76582,7.53165,1.34494,2.1519,1.07595,4.3038,1.07595,0.537975,2.95886,12.3734,15.3323,23.4019,106.25,0.806962,0,0.268987,0,0,0,0,2.1519,0,0.268987,0,4.57278,17.7532,16.6772,200.127,0.537975,0,0,0,0,0.268987,0,0,0,0,0.268987,4.3038,17.7532,12.9114,225.142,3.22785,2.42089,1.61392,2.42089,1.34494,2.68987,1.34494,2.68987,1.61392,0.537975,2.68987,9.41456,15.8703,20.712,126.962
0,0,0,0,0,0,0,0,0,0,0,0.461399,0.1538,0.3076,255,0,0,0,0,0,0.1538,0,0,0,0,0,1.0766,3.38359,1.8456,243.619,1.538,1.2304,4.30639,4.30639,0.768999,3.84499,0.615199,6.92099,2.7684,0.1538,3.2298,1.6918,4.92159,7.22859,127.961,1.3842,0.1538,0.615199,0.461399,0.3076,1.538,0.1538,4.76779,0.461399,0.1538,1.6918,0.1538,0.1538,3.69119,179.177,0,0,0,0,0,0,0,0,0,0,1.0766,0.922799,0.768999,0.768999,241.773,2.6146,1.538,3.69119,3.69119,1.538,3.07599,1.0766,2.4608,0.461399,0,1.538,9.07419,9.99698,11.3812,146.264,3.53739,1.3842,3.84499,11.0736,0.922799,3.53739,0.615199,4.15259,2.6146,0.3076,3.2298,3.076,5.84439,14.611,111.351,1.9994,1.2304,1.9994,2.9222,0.461399,3.38359,0.615199,5.38299,1.3842,0.3076,1.8456,0.615199,2.7684,9.38179,159.798,0,0,0.1538,1.2304,0,0,0,0.1538,0.922799,0,2.7684,1.6918,1.9994,4.76779,200.863,3.84499,1.8456,1.0766,3.84499,0.3076,5.22919,0.1538,5.38299,3.38359,0,3.076,1.3842,2.7684,7.38239,136.882,2.307,1.3842,2.7684,8.45899,0.615199,3.38359,0.768999,5.07539,3.38359,0.1538,5.69059,3.076,7.07479,10.766,128.269,3.076,1.3842,3.2298,7.07479,0.3076,5.53679,1.6918,3.69119,3.99879,0.3076,7.07479,2.307,3.69119,10.9198,119.041,0,0.1538,1.9994,10.3046,0,2.307,0,1.9994,2.4608,0,4.76779,0,0.1538,0,207.783,1.8456,0.461399,2.1532,5.84439,0,1.9994,0,3.53739,0.768999,0,3.38359,0.768999,16.149,15.38,146.879,1.538,1.3842,3.38359,8.30519,0,2.6146,0.3076,1.9994,1.9994,0.1538,3.99879,2.9222,9.68938,11.2274,149.801,1.3842,0.461399,5.69059,8.15139,0.461399,5.07539,0.615199,7.07479,1.538,0.615199,1.9994,3.69119,4.46019,8.92039,141.188
0,0,0,0,0,0,0,0,0,0,0.397403,7.81558,3.44416,4.5039,255,0.132468,0.662338,1.58961,4.5039,0,1.85455,0.132468,3.17922,2.25195,0.52987,5.82857,12.4519,27.6857,15.6312,144.787,0.132468,0.132468,2.91429,2.51688,0.132468,1.45714,0,2.91429,1.05974,0,0.927273,10.9948,23.7117,8.61039,182.01,0,0,0,0,0,0,0,0.132468,0,0,0,0.132468,9.4052,19.3403,204.53,0,0,1.19221,1.32468,0,0.264935,0,1.32468,0.794805,0,2.64935,16.426,16.9558,14.0416,163.068,0.662338,0.264935,2.11948,2.51688,1.19221,1.58961,0.52987,2.11948,1.19221,0.132468,1.58961,11.7896,16.5584,18.9429,171.678,1.85455,0.927273,3.44416,5.16623,1.05974,2.64935,1.32468,1.85455,1.32468,0.397403,2.64935,13.6442,26.361,12.3195,146.377,0,0,0.52987,0.52987,0,0.397403,0,2.78182,0.132468,0,0.264935,3.04675,14.5714,35.6338,144.787,0.52987,0.264935,1.05974,5.6961,0.132468,1.05974,0,2.64935,4.10649,0.132468,8.87533,3.31169,11.9221,14.8364,128.494,2.25195,0.927273,3.04675,5.43117,0.794805,1.58961,0.662338,2.38442,1.05974,0,1.32468,11.9221,19.2078,21.0623,162.273,0.927273,0.794805,2.51688,5.96104,1.45714,1.58961,1.19221,5.16623,2.78182,0,4.23896,13.2468,3.04675,6.88831,160.683,0.264935,0.132468,3.84156,7.55065,0.132468,2.38442,0.132468,9.27273,1.85455,0.264935,4.23896,3.84156,7.15325,14.439,146.377,0.662338,0,3.57662,11.3922,0.132468,3.44416,0.132468,6.75584,3.97403,0.264935,6.35844,1.05974,2.38442,3.31169,183.07,1.98701,0.794805,4.23896,9.8026,0.397403,2.64935,0.52987,5.96104,3.57662,0.132468,3.84156,4.63636,19.4727,19.2078,146.112,0.794805,0.52987,2.91429,10.7299,0,2.11948,0.132468,4.10649,4.76883,0,7.81558,3.44416,8.61039,12.4519,161.61,2.11948,0.264935,3.31169,9.27273,0.52987,4.63636,0.927273,5.16623,2.78182,0.264935,6.88831,4.10649,15.1013,14.174,143.33
0,0,0,0,0,0,0,0,0,0,0,2.01364,2.01364,0.732233,255,1.09835,0.366116,0.732233,2.01364,0.366116,2.1967,0.183058,2.37976,0.732233,0,1.09835,0.915291,2.92893,5.49174,168.597,2.37976,0.915291,2.1967,2.74587,0.183058,3.47811,0,3.4781,2.92893,0,3.29505,2.37976,6.77315,9.33597,166.949,0,0,1.28141,2.1967,0,0.183058,0,4.75951,0.366116,0,1.46447,0.366116,0.549174,4.75951,201.181,0,0.183058,0.549174,3.84422,0,1.09835,0,1.64752,0.549174,0,1.28141,8.23762,7.8715,9.88514,176.285,0.915291,0.549174,1.28141,3.29505,0.183058,0.183058,0.549174,1.09835,1.28141,0,1.64752,4.3934,5.49174,9.33597,178.299,0.549174,0.732233,3.84422,3.84422,0.183058,3.29505,1.09835,1.83058,0.732233,0,0.915291,3.29505,10.4343,16.2922,178.482,0.549174,0.366116,2.92893,5.6748,0,0.732233,0,4.75951,1.28141,0,2.74587,1.28141,8.23762,9.33597,163.288,0,0.183058,0.732233,3.84422,0.366116,0.732233,1.28141,1.83058,1.83058,0,4.3934,4.21034,6.40704,8.23762,148.46,0.183058,0,0.183058,3.47811,0,0.366116,0,0,1.09835,0.183058,1.46447,7.68844,19.7703,11.1665,203.744,0,0,0.732233,3.11199,0,0.732233,0,0.732233,0.732233,0,0.366116,4.02728,18.855,15.1938,205.94,1.09835,0.732233,2.74587,6.95621,0.732233,2.37976,1.09835,4.3934,1.46447,0.183058,4.94257,4.21034,13.5463,24.3467,128.324,0.183058,0,1.09835,6.04092,0,1.28141,0.366116,1.46447,2.01364,0.366116,2.56281,0.183058,3.47811,1.46447,224.063,0.549174,0.183058,2.01364,4.02728,0.366116,1.09835,0.183058,4.3934,0.183058,0,0.732233,3.11199,12.631,6.59009,211.249,0.183058,0.366116,2.37976,8.96985,0.183058,0.915291,0.183058,1.46447,0.732233,0,3.84422,1.46447,8.78679,6.40704,197.154,0.183058,0.183058,1.28141,2.74587,0,0.915291,0.549174,2.74587,1.28141,0,2.92893,3.84422,8.05456,8.05456,192.577
0,0,0,0,0,0,0,0,0.602481,0,3.46426,0,1.05434,3.91613,255,1.35558,0,0.15062,0.30124,0,0.753101,0,0.903721,0.15062,0,0.15062,3.16302,3.0124,4.06675,233.913,2.71116,1.35558,5.42233,6.62729,0.451861,3.7655,0.15062,6.62729,2.2593,0.602481,3.31364,1.5062,4.21737,8.88659,129.383,1.05434,0.15062,2.40992,1.35558,0.15062,1.65682,0,2.40992,0.451861,0.15062,1.05434,0.451861,1.20496,4.21737,208.609,0,0,0.15062,2.71116,0,0.30124,0,0.451861,0.602481,0,5.72357,3.0124,2.40992,4.51861,210.266,0,0.15062,0.753101,1.65682,0,0.753101,0,3.31364,0.903721,0,2.40992,9.63969,12.6521,15.2126,157.097,2.40992,0.903721,1.05434,2.86178,0.30124,0.753101,0.753101,1.5062,0.30124,0.15062,0.451861,1.80744,14.1583,13.7064,191.89,0.15062,0.30124,0.451861,1.5062,0.15062,0.451861,0,1.80744,0.15062,0,1.5062,1.5062,5.57295,6.47667,209.211,0.15062,0,1.20496,6.17543,0,1.20496,0,1.80744,3.16302,0,5.72357,0.903721,2.10868,1.20496,223.671,1.20496,0.451861,2.2593,4.06675,0,0.903721,0.15062,6.62729,1.20496,0.30124,3.76551,2.10868,9.33845,17.6226,162.369,0,0,1.5062,4.06675,0,1.20496,0,2.56054,0,0,0.602481,0.753101,3.91613,12.2002,229.093,0,0.15062,0.753101,3.0124,0,0.15062,0,1.35558,1.65682,0,3.76551,3.0124,3.91613,4.21737,212.525,0.602481,0,1.05434,4.51861,0,1.20496,0,1.80744,1.65682,0,2.2593,0.15062,0.15062,0.753101,247.469,2.10868,1.5062,4.06675,7.98287,0.602481,2.86178,0.451861,4.97047,1.80744,0.15062,2.10868,2.10868,7.68163,12.8027,178.033,0.753101,0.30124,2.2593,6.32605,0.451861,2.40992,0.903721,4.81985,2.71116,0,3.31364,3.0124,8.28411,9.63969,176.075,2.56054,1.35558,2.2593,10.5434,0.753101,2.10868,0.30124,4.97047,3.46426,0.451861,3.61488,1.95806,3.91613,10.9953,160.561
0,0,0,1.44612,0,0,0,0.241021,0,0,0,4.82042,21.2098,26.9943,243.672,5.30246,0.723062,3.61531,11.087,0.482042,5.7845,0.241021,5.30246,2.89225,0.482042,4.09735,3.13327,10.6049,14.9433,174.017,3.85633,1.68715,5.30246,5.06144,1.68715,2.16919,2.65123,2.65123,2.89225,0.241021,4.33837,9.15879,14.4612,13.7382,171.848,0,0,0.723062,0.482042,0,0.241021,0,3.61531,0.482042,0,1.2051,9.39981,17.8355,15.1843,231.139,0,0.241021,1.92817,4.57939,0,0.723062,0.241021,3.85633,0.241021,0,3.13327,2.41021,6.02552,9.15879,204.868,0,0,1.92817,3.13327,0,1.68715,0,4.82042,1.44612,0.241021,2.89225,2.65123,7.95369,9.64083,227.765,0,0,0.241021,0.964083,0,0,0,1.92817,1.44612,0,4.57939,3.37429,7.23062,10.1229,255,0,0.482042,3.61531,6.02552,0,2.16919,0,7.71267,0.482042,0,2.89225,3.13327,6.26654,12.5331,204.627,0.241021,0.241021,3.13327,2.41021,0.241021,1.68715,0.482042,3.85633,0.723062,0,5.7845,9.39981,19.2817,19.2817,173.053,0.482042,0.241021,0.241021,2.41021,0,0.241021,0,1.44612,0.723062,0,1.44612,2.41021,15.4253,19.7637,240.298,1.44612,0.723062,1.44612,4.33837,0.964083,0.482042,1.2051,1.44612,0.964083,0.241021,2.16919,14.9433,21.9329,13.2561,226.077,0.723062,0.482042,1.92817,6.50756,0.241021,1.68715,0,6.26654,0.482042,0.723062,3.61531,2.41021,5.30246,14.4612,178.837,0.964083,2.41021,6.9896,12.2921,0.482042,2.16919,0.241021,1.2051,0.964083,0.241021,4.09735,2.41021,5.30246,10.6049,218.847,0.241021,1.2051,6.02552,11.087,0,4.09735,0,6.02552,2.89225,0,5.30246,1.44612,4.82042,7.71267,208.724,1.92817,2.16919,6.02552,12.2921,0.723062,4.57939,0.723062,6.26654,4.82042,0.482042,6.02552,4.09735,9.15879,12.5331,182.935,1.2051,1.44612,5.06144,13.7382,0,2.16919,0.241021,6.26654,0.964083,0.241021,3.61531,2.41021,7.71267,8.67675,203.422
0,0,0,0,0,0,0,0,0,0,0,0.160176,0.640703,0,255,2.72299,1.60176,4.48492,9.61055,0.160176,8.16897,0.640703,8.16897,4.6451,0.480528,3.52387,2.24246,4.96545,6.40704,120.612,2.08229,2.24246,5.2858,8.32915,1.44158,3.52387,0.961055,8.00879,2.08229,0.640703,2.72299,2.56281,7.20791,9.45038,128.301,0,0,0,0,0,0,0,0,0,0,0,0.160176,1.60176,0.320352,245.87,0.320352,0.160176,0.961055,4.6451,0.160176,0.800879,0,3.04334,0.320352,0,1.60176,4.16457,7.20791,6.24686,170.747,1.12123,0.480528,0.640703,3.68405,0,0.480528,0,1.92211,0.480528,0.160176,1.28141,6.40703,13.6149,10.4114,175.873,1.28141,1.12123,2.40264,3.52387,1.28141,0.480528,1.28141,0.961055,0.800879,0,1.12123,6.56721,14.0955,11.5327,166.583,0,0,0,0.480528,0,0,0,0.640703,0.640703,0,2.56281,1.76193,5.44598,17.9397,157.933,1.28141,0.800879,1.28141,4.48492,0.800879,0.480528,0.640703,2.08229,2.24246,0,3.84422,7.20791,18.9008,16.3379,135.829,0.320352,0,0,0,0,0,0,0.480528,0.320352,0,0.961055,1.76193,17.299,15.3769,201.341,0.480528,0.160176,0.160176,0,0,0.800879,0.320352,1.60176,0,0,0.160176,3.36369,11.853,11.5327,198.458,1.28141,0.800879,3.52387,4.48492,0.800879,1.28141,0.480528,5.2858,0.480528,0.160176,1.76193,1.76193,7.52827,18.7406,139.513,0.961055,0.160176,0.640703,2.40264,0,0.320352,0,1.92211,1.12123,0.320352,2.24246,0.640703,7.04774,7.52827,201.341,2.08229,0.320352,1.76193,3.04334,0,1.28141,0.320352,4.32475,1.92211,0,4.32475,0.961055,9.13002,19.0609,157.773,1.28141,0.961055,2.56281,3.52387,0.640703,2.72299,1.76193,4.32475,1.92211,0,2.72299,3.52387,22.1043,9.45038,171.709,0.480528,1.12123,1.92211,4.96545,0.320352,1.44158,0.800879,4.0044,0.320352,0,1.12123,2.56281,3.04334,5.2858,183.562
0,0,0,0.611511,0,0,0,0,0,0,0.366906,2.93525,6.60432,6.48201,243.748,3.05755,1.34532,2.56835,5.5036,0.733813,3.66906,0.489209,5.5036,3.05755,0.244604,4.52518,4.15827,11.1295,14.4317,144.317,0.366906,0.122302,1.95683,2.32374,0,1.71223,0.244604,4.15827,0.733813,0.122302,0.856115,0.733813,2.93525,2.56835,223.568,0,0,0,0,0,0,0,0,0,0,0,2.44604,8.43885,6.84892,255,0,0,0.978417,1.10072,0,0.611511,0,2.07914,1.22302,0,5.6259,3.17986,5.3813,5.3813,204,1.83453,0.856115,4.40288,6.60432,1.10072,2.44604,0.489209,2.32374,1.83453,0.122302,2.69065,4.89209,8.68345,11.0072,181.986,0.611511,0.733813,0.978417,2.44604,0.122302,0.733813,0.366906,1.34532,0.856115,0.122302,1.10072,1.71223,5.7482,4.89209,215.496,0.244604,0.122302,0.366906,1.22302,0,0,0,1.22302,0.122302,0,0.611511,2.93525,10.2734,14.9209,208.158,3.05755,0.733813,1.10072,5.99281,0.366906,1.95683,0.489209,2.20144,2.56835,0.489209,6.23741,3.17986,6.72662,8.92806,166.698,2.81295,1.58993,5.6259,6.23741,0.856115,2.69065,0.856115,4.40288,1.34532,0.122302,2.32374,3.79137,7.70504,11.2518,175.993,1.58993,0.611511,3.17986,3.30216,0.611511,1.95683,0.733813,2.07914,2.07914,0.122302,4.40288,4.15827,8.31655,12.7194,176.971,1.34532,0.611511,1.46763,2.56835,0.244604,1.71223,0.122302,6.23741,2.07914,0.366906,1.95683,1.58993,4.64748,7.82734,197.64,0.733813,0.366906,0.122302,2.44604,0.366906,1.22302,0.366906,0.244604,0.856115,0,3.30216,3.42446,5.25899,4.52518,222.101,0.978417,1.22302,2.93525,6.60432,0.122302,2.32374,0.733813,4.89209,3.05755,0.366906,3.54676,4.40288,9.66187,11.741,169.633,1.34532,1.71223,2.56835,8.31655,0.366906,2.32374,0.244604,4.15827,3.42446,0.122302,5.25899,2.81295,7.33813,7.09352,170.978,1.95683,0.733813,1.34532,3.66906,0,1.83453,0.122302,2.69065,1.10072,0.122302,2.07914,2.07914,4.40288,5.3813,204.734
0,0,0,0,0,0,0,0,0,0,0,0,0,0,255,1.53153,0.574324,4.21171,4.97748,0.191441,4.59459,0.574324,4.40315,0.957207,0.191441,2.48874,4.02027,7.8491,13.5923,132.477,1.91441,0.765766,1.53153,3.06306,0.191441,3.2545,0.382883,4.02027,2.2973,0.765766,2.10586,1.72297,5.74324,7.08333,182.252,0,0,0,0,0,0,0,0,0,0,0,0,0,0,247.917,0.957207,0.765766,1.91441,1.53153,0.382883,1.14865,0.574324,1.72297,1.14865,0,2.2973,6.50901,4.40315,3.82883,190.676,0.382883,0.574324,1.72297,6.89189,0.765766,1.72297,0.957207,1.72297,1.72297,0.382883,3.82883,5.93468,11.1036,15.5068,136.115,0.382883,0.191441,2.10586,4.21171,0.191441,1.72297,0.574324,4.78604,2.48874,0,5.16892,3.44595,10.9122,16.6554,127.691,0.191441,0.191441,0,0,0,0,0,0.574324,0.382883,0,1.14865,0.191441,3.2545,6.89189,201.588,3.44595,0.382883,1.34009,2.10586,0,4.02027,0.382883,2.2973,1.91441,0,2.48874,3.44595,4.97748,8.99775,125.968,1.14865,1.53153,4.02027,7.08333,0.191441,3.63739,0.574324,4.97748,3.06306,0.191441,4.02027,5.5518,13.018,14.741,112.185,0.574324,0.191441,1.91441,3.2545,0.191441,2.10586,0.765766,4.02027,1.53153,0,3.82883,5.16892,13.5923,14.1667,139.944,2.2973,0.191441,0.765766,0.957207,0,1.53153,0,4.40315,0.957207,0,0.957207,1.53153,3.06306,17.8041,108.547,0.957207,0.957207,1.72297,4.40315,1.14865,3.2545,1.14865,4.40315,2.10586,0.382883,6.12613,2.87162,11.8694,14.5496,118.694,1.72297,0.382883,1.72297,4.40315,0.191441,1.53153,0.765766,2.48874,0.765766,0.765766,3.44595,1.91441,9.18919,12.4437,155.642,3.44595,2.10586,2.10586,5.93468,1.14865,3.2545,0.765766,4.97748,3.44595,0,4.78604,4.21171,7.08333,14.5495,136.881,1.53153,0.382883,6.12613,7.46622,0.382883,4.97748,0.765766,10.5293,1.14865,0,0.957207,2.2973,2.87162,11.295,95.5293
1.25513,0,0.418376,1.6735,0.209188,1.04594,0.209188,1.04594,0.836751,0,2.71944,7.53076,17.781,12.3421,200.82,3.76538,0.836751,2.09188,6.06645,0.418376,2.51025,0.209188,3.55619,3.13782,0.627564,3.97457,1.6735,11.087,15.8983,171.743,2.30107,2.30107,2.51025,8.5767,1.46431,3.13782,1.46431,3.34701,2.09188,0.209188,3.97457,7.32157,17.5718,12.9696,176.555,0,0,0,0.836751,0,0,0,0.209188,0.627564,0,1.25513,0.418376,6.69401,15.0615,233.454,2.92863,0.627564,0.836751,1.6735,0.209188,2.51025,0.627564,2.51025,1.25513,0.209188,3.97457,4.81132,8.78589,12.3421,178.437,0.209188,0,2.09188,6.27564,0,3.13782,0,6.27564,3.13782,0,8.36751,0.836751,1.04594,7.32157,229.061,0,0,0.627564,1.6735,0,0.627564,0,1.88269,1.46431,0,2.09188,2.92863,8.99508,7.53076,255,1.6735,0.627564,0.418376,1.6735,0.209188,1.88269,0,3.13782,0.627564,0.627564,3.13782,1.46431,7.11239,29.4955,152.707,1.04594,0.627564,0.418376,4.60213,0.209188,1.25513,0.627564,1.6735,2.51025,0.418376,6.9032,2.51025,10.041,15.4799,197.473,1.04594,0.209188,1.6735,3.13782,0,2.30107,0.209188,4.60213,2.09188,0.209188,6.27564,2.51025,10.6686,16.3167,205.422,0.209188,0.418376,2.71944,3.97457,0.627564,1.6735,0.627564,3.76538,0.627564,0.209188,0.836751,4.81132,8.5767,11.087,236.591,3.97457,0.418376,4.60213,6.06645,0.209188,4.60213,0.836751,10.8778,1.88269,0.836751,1.88269,3.97457,7.32157,18.1993,174.463,0.627564,0.418376,1.25513,7.94914,0,2.09188,0.418376,2.92863,2.09188,0,3.76538,0.836751,6.06645,6.9032,238.265,1.46431,0.836751,1.6735,6.69401,0.418376,2.30107,0.418376,4.18376,0.627564,0,3.97457,2.51025,5.02051,7.73995,243.495,0,0.209188,0.627564,4.18376,0,1.6735,0.627564,3.97457,2.51025,0.209188,3.97457,2.71944,8.15833,18.4085,215.254,0.209188,0.627564,3.97457,7.32157,0.627564,3.13782,0,7.11239,1.25513,0,2.51025,1.6735,5.64807,6.9032,224.877
0,0,0,0,0,0,0,0,0,0,1.55556,1.77778,5.66667,3.33333,229.444,2.44444,1.66667,3,7.77778,0.555556,3.11111,0.888889,4.22222,3,0.333333,8.22222,5.55556,6.55556,8.88889,88.8889,0.111111,0.111111,0.888889,0.777778,0,0.888889,0,2.77778,0.333333,0.111111,0.666667,0.888889,2.11111,3.77778,218.556,0,0,0,0,0,0,0,0,0,0,0,0,0,0,255,0,0,1.88889,3.88889,0,1.66667,0.111111,3.88889,0.444444,0,2.55556,3.77778,5.55556,5.11111,169.778,1.44444,0.777778,3.11111,6.66667,1,2.22222,0.555556,3.22222,2.11111,0.222222,4.44444,7.88889,21.2222,12.3333,136.222,0.444444,0.666667,1.11111,4.33333,0.111111,1.22222,0,1.88889,1,0.111111,1.44444,3.22222,25.2222,12.4444,173.444,0,0.111111,0.111111,0.666667,0,0.222222,0,0.111111,0.222222,0,0.888889,0.333333,0.888889,3.22222,229.889,2.11111,0.555556,1.44444,4,0.222222,2.55556,0.666667,4.11111,2.33333,0.222222,6.55556,4.11111,7.11111,11.8889,110.778,2.33333,1,2.44444,1.77778,1.88889,1,1.44444,3.11111,1,0,1.66667,7.44444,12.1111,10.5556,183.111,0.777778,0.666667,2,2.77778,0.666667,1,0.666667,2.33333,1,0,2.88889,5.44444,10.4444,10.7778,162.556,0.222222,0.111111,0.333333,1.55556,0,0.444444,0.111111,1.55556,1.77778,0.111111,2.66667,2.44444,6,5.66667,185.444,3.33333,0.555556,1.22222,2.77778,0.444444,3.11111,0.777778,5.11111,1.66667,0.777778,3.33333,5.44444,19.7778,11.4444,118.222,0.777778,0.222222,3.44444,6.11111,0.111111,3.11111,0.777778,5.55556,2.11111,0.111111,3.44444,4,11.6667,12.2222,154.778,0.222222,0.444444,2.55556,7.11111,0,2.11111,0,4.33333,3.88889,0.222222,6.77778,2.44444,9.22222,8.33333,160.778,3.33333,0.888889,0.666667,5,0.444444,2.55556,0.888889,2.88889,3.22222,0.555556,5.88889,2.33333,9.44444,14.4444,109.444
0,0,0,0,0,0,0,0,0,0,0,1.17434,1.34211,1.17434,255,1.84539,1.00658,2.34868,7.04605,0.167763,4.19408,0.50329,3.69079,3.1875,0.167763,3.52303,1.84539,4.19408,7.54934,154.678,1.34211,1.34211,1.00658,3.35526,0.167763,2.01316,0.671053,2.34868,3.52303,0.335526,4.86513,2.34868,3.1875,6.71053,161.724,0,0,0,0,0,0,0,0,0,0,0,1.00658,4.02632,3.69079,241.243,1.00658,0.335526,1.00658,2.85197,0.167763,1.50987,0,1.84539,0.50329,0,0.671053,2.34868,5.53618,3.01974,193.934,1.84539,2.18092,2.18092,6.03947,0.167763,1.84539,0.167763,4.02632,1.00658,0.671053,2.51645,2.68421,7.88487,9.89803,145.115,0.838816,1.67763,3.01974,7.04605,0.335526,2.51645,0.503289,2.51645,2.18092,0,2.68421,1.17434,7.54934,17.9507,139.411,0,0.167763,1.17434,2.01316,0,0.503289,0,2.01316,0.671053,0,0.838816,1.17434,3.01974,9.39474,190.914,1.17434,0.50329,0.838816,1.17434,0.50329,1.50987,0.167763,1.67763,0.50329,0.167763,2.01316,1.00658,1.84539,5.53618,167.26,0.335526,0,0,0,0,0.167763,0,0.671053,0.167763,0,0.335526,2.68421,5.03289,4.19408,216.247,0,0,0,0,0,0,0,0,0,0,0,0.671053,10.2336,27.0099,184.372,0,0.335526,0.335526,1.34211,0,0.335526,0,4.02632,0.167763,0,1.17434,1.84539,4.19408,17.7829,157.362,1.84539,0.335526,0.838816,5.70395,0.50329,0.838816,0.838816,2.01316,2.01316,0.167763,5.87171,2.68421,11.4079,11.7434,165.247,0.838816,0.671053,1.50987,3.01974,1.00658,0.838816,0.838816,3.01974,0.671053,0,2.34868,4.69737,10.7368,8.72369,198.464,0.167763,0.167763,4.02632,8.55592,0.167763,3.35526,1.84539,2.85197,0.838816,0,1.00658,8.05263,25.8355,20.2993,150.484,0,0.50329,5.0329,9.5625,0.50329,2.34868,0.671053,5.70395,0.503289,0,1.50987,2.01316,14.9309,5.53618,153
0,0,0.210396,0.210396,0,0.210396,0.210396,1.68317,0,0,0.631188,2.31436,15.3589,29.6658,156.535,3.78713,0.841584,2.73515,5.4703,0,2.10396,0.210396,4.20792,1.47277,0.210396,1.89356,8.20545,19.9876,18.7252,145.384,0.841584,1.26238,6.52228,9.67822,0.420792,2.73515,1.05198,3.15594,2.73515,0.420792,4.41832,2.73515,6.73267,9.67822,168.317,0,0.210396,0.210396,1.89356,0,0.631188,0,1.26238,1.89356,0,2.73515,0.631188,2.73515,2.10396,255,0,0.210396,1.89356,2.94554,0,0.420792,0,2.94554,1.05198,0,3.57673,3.99753,4.62871,11.9926,191.25,0.210396,0,0.210396,2.52475,0,0.420792,0,1.05198,0.841584,0,1.26238,2.31436,9.46782,16.4109,205.557,0,0,0.420792,2.10396,0,0.420792,0,2.73515,0.210396,0,2.52475,2.94554,15.5693,18.0941,171.473,0,0.420792,2.10396,2.52475,0,0.841584,0.210396,2.52475,0.631188,0,4.83911,4.62871,12.203,18.3045,139.493,0.210396,0.841584,1.26238,3.99753,0.841584,0.631188,0.631188,1.68317,1.26238,0,2.73515,2.52475,8.20545,15.3589,187.042,0.631188,0.210396,0.420792,0.420792,0,0.210396,0,1.26238,0.210396,0.420792,1.05198,2.52475,9.25743,15.9901,215.446,0.210396,0.631188,0.841584,3.15594,0.420792,1.68317,0.841584,1.68317,0.631188,0,0.841584,6.10149,14.7277,13.4653,207.24,3.36634,0.631188,0.420792,1.47277,0.841584,0.631188,1.05198,3.36634,0.631188,0,3.36634,6.73267,8.83663,15.5693,164.109,2.31436,0.841584,0.841584,3.15594,1.05198,2.52475,0.631188,4.41832,1.05198,0.841584,2.10396,1.89356,5.4703,11.5718,190.619,2.10396,1.47277,3.78713,8.41584,1.05198,3.36634,0.841584,5.68069,2.94554,0.210396,6.73267,1.47277,6.10149,8.83663,174.208,1.47277,0.420792,1.05198,3.15594,0,1.26238,0.631188,2.94554,0.631188,0,1.47277,2.73515,12.203,9.67822,200.297,0.420792,0.631188,2.10396,8.41584,0.420792,1.68317,0,2.31436,1.05198,0.210396,1.68317,1.89356,6.52228,5.68069,199.455
0,0,0,0,0,0,0,0,0,0,0,0,0,0,255,3.5444,1.37838,0.590734,2.16602,0.196911,2.95367,0.393822,1.7722,1.96911,0.393822,2.75676,2.55985,2.95367,6.49807,177.417,2.75676,0.787645,1.96911,4.33205,0.590734,4.52896,1.37838,6.89189,4.92278,0.787645,2.36293,2.36293,3.74131,6.89189,134.884,0,0,0,0,0,0,0,0,0,0,0,0,0,0,248.108,2.16602,1.57529,2.16602,1.57529,0.590734,2.55985,0.984556,1.37838,0.787645,0.393822,1.57529,7.0888,5.3166,2.75676,167.571,2.95367,3.34749,5.90734,11.4208,0.787645,3.5444,1.57529,5.3166,4.92278,0.590734,4.52896,4.33205,8.861,10.2394,115.39,2.95367,0.590734,3.74131,10.0425,0.196911,3.93822,0.984556,5.71042,4.52896,0.393822,7.48263,5.90734,11.6178,10.0425,115.981,2.16602,0,0,1.37838,0.196911,1.37838,0,1.57529,0.984556,0.393822,0.984556,0.984556,3.5444,9.45174,178.402,3.34749,1.18147,0.787645,0.787645,0.196911,5.3166,0.984556,3.93822,2.55985,0,0.787645,1.37838,1.37838,4.72587,126.023,2.16602,1.96911,1.37838,9.45174,0.393822,3.15058,0.984556,1.96911,2.55985,0.196911,4.52896,2.95367,6.69498,12.2085,144.533,2.36293,0.984556,1.7722,6.10425,0.393822,3.93822,0.196911,3.93822,3.34749,0.196911,5.51351,3.34749,9.05791,10.4363,146.108,2.75676,0.196911,0.196911,0.787645,0.196911,2.75676,0,1.37838,1.57529,0.196911,3.34749,0.590734,0.787645,11.2239,103.575,2.55985,0.393822,0.787645,2.95367,0,1.37838,0.196911,3.34749,0.984556,0.196911,4.52896,1.37838,13.7838,10.6332,159.695,0.984556,0.590734,2.36293,8.46718,0,2.95367,0.393822,3.15058,2.95367,0.393822,4.33205,2.95367,11.027,13.7838,148.865,1.7722,1.96911,3.5444,8.07336,0.590734,2.55985,1.18147,3.5444,3.5444,0.590734,4.92278,4.13514,16.3436,10.6332,146.502,1.37838,1.7722,7.48263,7.0888,0.787645,3.74131,1.18147,5.90734,0.984556,0,1.37838,1.18147,4.52896,14.9653,113.815
0,0,0,0,0,0,0,0.121198,0,0,1.69677,0.605989,0.484791,3.27234,250.637,1.45437,0.242395,1.45437,1.69677,0.605989,1.33317,0.484791,3.39354,0.969582,0,2.18156,6.30228,8.48384,8.84743,180.221,0.363593,1.09078,4.48432,7.39306,0.727186,4.72671,0.848384,10.423,3.02994,0.242395,5.3327,2.78755,6.30228,11.029,90.4135,0,0,0.121198,0.121198,0,0.121198,0,0.848384,0,0,0,0,0,0.363593,255,0,0,0,0.605989,0,0,0,1.21198,1.21198,0,3.87833,5.5751,3.51473,6.78707,199.37,1.21198,0.121198,1.93916,4.12072,0.242395,1.33317,0.242395,3.87833,0.727186,0.121198,3.15114,3.75713,12.847,10.9078,185.433,3.27234,1.09078,3.39354,8.36264,1.09078,2.18156,0.969582,3.27234,2.18156,0,2.66635,2.90875,8.24144,6.18108,183.251,0,0.242395,0.242395,0.484791,0,0.242395,0,0.242395,0.363593,0.121198,0.848384,0.484791,2.18156,2.66635,241.547,2.18156,0.484791,0.969582,3.63593,0.242395,1.33317,0.121198,1.93916,1.81797,0.121198,4.60551,0.727186,4.24192,4.48432,192.826,2.54515,0.848384,2.78755,4.72671,0.363593,2.30276,0,4.24192,1.81797,0.121198,2.66635,4.12072,11.2714,10.6654,166.283,1.57557,2.42395,6.18108,3.27234,1.09078,2.06036,1.21198,2.54515,0.727186,0,2.18156,5.57509,7.39306,6.66587,198.522,1.81797,1.33317,2.42395,6.90827,0.363593,3.27234,0.605989,5.0903,4.36312,0.121198,7.02947,3.27234,7.02947,8.36264,152.224,1.57557,0.363593,0.969582,2.18156,0,2.90875,0.242395,2.30276,0.727186,0.242395,0.969582,1.21198,3.02994,4.72671,208.945,2.54515,0.605989,1.33317,4.36312,0.363593,2.42395,0.848384,4.36312,2.06036,0.484791,2.54515,4.36312,12.241,14.1801,157.678,1.21198,0.969582,5.4539,10.1806,0.484791,3.75713,0.484791,5.93869,2.66635,0.727186,4.60551,3.15114,11.8774,10.6654,146.77,1.21198,1.21198,3.02994,6.78707,0.121198,2.66635,0.363593,4.12072,2.90875,0.484791,4.60551,2.54515,8.12025,13.9377,150.164
0,0,0,0,0,0,0,0,0.205645,0,1.64516,0.205645,0,0,241.839,2.2621,1.23387,5.75806,21.3871,0.205645,4.1129,0.616935,4.93548,3.90726,0.41129,4.93548,3.29032,7.40323,7.19758,108.581,1.02823,0.616935,0,4.1129,0.205645,1.02823,0.616935,2.46774,3.29032,0.822581,9.87097,0.822581,1.64516,8.6371,111.46,0,0,0,0,0,0,0,0,0,0,0,0,0,0,255,0,0,0.41129,0.616935,0,0.205645,0,1.43952,0.205645,0,2.67339,1.85081,5.96371,3.29032,191.661,2.46774,1.85081,2.2621,5.75806,0,2.67339,0.205645,2.67339,2.05645,0.205645,3.70161,10.8992,17.8911,15.2177,118.04,1.43952,1.02823,4.93548,6.58065,0.616935,2.87903,0.616935,3.49597,2.67339,0.205645,3.29032,5.14113,6.78629,8.84274,128.734,0,0.205645,0,1.43952,0,0,0,0.205645,1.43952,0,2.67339,0.822581,3.49597,4.1129,209.141,0,0.41129,0.41129,1.64516,0,0.616935,0,1.64516,1.64516,0,3.49597,14.3952,14.1895,13.9839,140.661,0,0,0,0,0,0,0,0,0,0,0,9.87097,3.70161,10.2823,221.48,0,0,0.41129,0,0,0.205645,0,2.46774,0,0,0,2.87903,20.1532,24.2661,168.218,0.205645,0,0.41129,4.72984,0.205645,1.43952,0.41129,2.2621,1.02823,0.41129,2.67339,2.05645,15.4234,22.2097,135.726,1.85081,0.616935,1.64516,6.78629,0.41129,1.64516,0.205645,2.46774,2.67339,0.205645,4.93548,7.19758,21.1815,13.5726,132.024,0.205645,0.616935,1.23387,3.49597,0.205645,1.43952,1.23387,1.64516,0.822581,0,1.23387,6.78629,24.0605,15.4234,172.125,0.41129,0.822581,1.02823,10.8992,0,1.02823,0.205645,0.822581,0.616935,0,0.205645,6.58065,22.621,14.1895,177.472,1.02823,0.822581,2.46774,3.90726,2.46774,2.2621,2.67339,4.31855,1.23387,0,2.67339,11.7218,33.9314,17.6855,110.843
0,0,0.456172,1.82469,0,0,0,0.456172,0.456172,0,3.64937,2.05277,2.73703,2.05277,218.962,0.456172,0,2.28086,5.70215,0,0.684258,0,4.10555,1.82469,0.228086,2.73703,6.84258,7.52683,13.0009,174.03,1.36852,1.82469,5.47406,10.9481,0.684258,2.05277,1.82469,2.50894,2.28086,0,5.01789,3.1932,7.75492,13.6852,184.293,0,0,2.05277,3.1932,0,1.5966,0,7.75492,1.5966,0,2.96512,2.05277,4.56172,11.1762,155.098,0,0.456172,1.36852,2.73703,0,0.456172,0.228086,1.5966,2.05277,0,10.492,5.70215,7.98301,10.72,155.783,0.228086,0,0.228086,0.456172,0,0.684258,0,0.912344,0,0,0.456172,2.73703,12.3166,8.43918,237.209,0,0,0.228086,1.36852,0,0.228086,0,0.228086,0.228086,0,0.228086,2.73703,10.0358,7.29875,255,0,0.228086,1.5966,2.28086,0,0.912344,0,5.01789,2.05277,0,6.61449,3.87746,9.12344,14.5975,143.922,2.50894,0.456172,0.228086,1.5966,0.456172,0.912344,0.456172,0,1.36852,0.228086,5.47406,1.36852,2.50894,12.3166,207.558,1.36852,0.228086,0.684258,2.05277,0,0.912344,0.456172,2.96512,1.14043,0.684258,2.73703,2.05277,12.5447,15.966,201.4,0.456172,1.5966,1.82469,6.3864,0.684258,1.36852,0.912344,2.96512,0.912344,0,1.5966,5.47406,11.4043,10.72,204.821,2.73703,0.912344,2.50894,8.43918,0.912344,3.1932,1.5966,5.01789,2.50894,0.228086,4.33363,5.24597,10.4919,15.2818,148.256,1.5966,0.684258,1.14043,2.73703,0.228086,0.912344,0.684258,1.14043,0.684258,0.228086,1.5966,2.50894,5.70215,8.21109,232.191,1.5966,0.912344,3.64937,10.72,0.912344,1.5966,1.14043,5.24598,1.14043,0,1.5966,3.42129,7.52683,7.52683,205.277,1.36852,0.684258,1.14043,5.93023,0,0.912344,0.228086,2.50894,2.05277,0.456172,5.01789,2.50894,4.33363,9.80769,199.575,2.05277,1.14043,3.87746,5.01789,1.14043,2.73703,0.684258,2.73703,2.28086,0.456172,4.56172,3.1932,5.24598,9.80769,185.89
0,0,0.990566,0.707547,0,0.707547,0,1.69811,0,0,0.141509,1.13208,1.13208,0.990566,252.877,0.283019,0.424528,1.69811,6.50943,0,1.69811,0,3.25472,2.12264,0,8.06604,3.96226,12.1698,6.50943,157.5,0,0,3.25472,5.9434,0,1.69811,0,4.66981,0.849057,0,1.5566,1.41509,5.9434,7.64151,196.274,0,0,0,0.424528,0,0,0,0.141509,0,0,0,0.141509,0.566038,0.707547,255,0,0.141509,0.424528,0.566038,0,0.566038,0,1.98113,0,0,0.849057,3.82075,6.08491,7.92453,178.019,1.83962,0.566038,1.98113,2.40566,1.13208,1.5566,0.849057,1.83962,0.566038,0,2.12264,6.36792,12.0283,8.34906,174.764,0.990566,1.5566,2.40566,5.09434,1.13208,2.26415,0.849057,2.40566,1.41509,0.283019,1.41509,6.79245,21.6509,14.5755,152.83,0,0,0.283019,0,0,0.283019,0,3.11321,0.141509,0,0.566038,2.26415,11.3208,13.1604,185.094,1.41509,0.424528,1.27358,1.98113,0.283019,1.27358,0.566038,1.27358,0.990566,0.283019,5.9434,2.68868,11.8868,14.434,125.66,1.69811,0.566038,2.9717,2.26415,0.424528,1.69811,0.283019,1.69811,0.141509,0.141509,0.283019,2.83019,11.1792,9.48113,205.047,1.13208,0.566038,2.54717,4.5283,0.283019,1.13208,0.566038,2.12264,1.13208,0,2.54717,3.82075,5.66038,7.21698,199.387,2.40566,0,1.5566,4.24528,0.283019,2.83019,0.424528,4.66981,1.69811,0.141509,3.39623,1.98113,5.51887,11.7453,143.491,1.69811,1.83962,1.69811,3.25472,0.990566,1.98113,0.707547,2.54717,1.83962,0.283019,3.25472,2.26415,6.22642,6.93396,159.623,0.990566,0.424528,1.98113,4.24528,0.424528,3.11321,0.283019,8.06604,2.40566,0.424528,2.9717,2.9717,7.21698,10.6132,159.764,0,0.424528,2.68868,11.1792,0,1.98113,0,3.82075,3.82075,0,8.20755,1.41509,4.95283,3.96226,175.755,1.98113,0.990566,3.39623,5.51887,0.283019,1.83962,0.424528,4.10377,1.98113,0.424528,3.53774,5.66038,11.8868,12.4528,138.396
0,0,0,0,0,0,0,0,0,0,0,0,0,0,255,3.64286,0.242857,0.485714,3.4,0,4.37143,0,2.67143,1.7,0.485714,2.91429,1.94286,6.55714,7.28571,177.043,0.971429,0.971429,3.64286,7.77143,0.485714,3.15714,1.45714,7.52857,2.91429,0,7.28571,2.91429,7.77143,10.4429,129.2,0,0,0,0,0,0,0,0,0,0,0,0,0,0,255,2.18571,0.242857,1.21429,2.42857,0.242857,3.15714,0.728571,3.15714,2.42857,0,2.42857,6.31429,8.74286,5.1,160.286,0.728571,0.728571,2.42857,8.01429,0.728571,2.42857,0.728571,4.12857,2.18571,0.242857,5.1,5.34286,15.7857,12.6286,128.471,0.971429,0.971429,3.15714,5.82857,0,1.7,0.728571,3.88571,1.94286,0,4.12857,6.8,15.0571,13.8429,128.229,1.21429,0.971429,2.42857,9.22857,0.971429,1.45714,0.485714,2.91429,3.88571,0.242857,3.64286,2.67143,8.25714,16.0286,132.843,3.4,0.485714,0.728571,2.18571,0.242857,3.64286,1.21429,2.91429,1.94286,0,2.42857,1.21429,3.4,5.34286,143.529,2.67143,1.21429,1.94286,5.82857,0,4.37143,0.242857,3.64286,4.85714,0.971429,5.34286,2.91429,7.77143,15.3,131.143,0.485714,2.18571,2.67143,10.2,0.485714,4.85714,0.728571,5.58571,4.37143,0.242857,6.55714,3.15714,7.77143,10.4429,137.943,3.64286,1.7,0.728571,3.88571,0.485714,3.15714,0.485714,3.88571,3.4,0.242857,3.88571,1.21429,2.67143,10.9286,146.686,1.7,0.728571,3.15714,6.8,0.485714,2.18571,0.242857,6.55714,1.45714,0,4.37143,1.45714,5.58571,7.52857,133.086,1.21429,0.485714,0.971429,6.31429,0,1.7,0,2.67143,2.67143,0.242857,3.4,3.4,11.6571,14.5714,164.657,1.94286,1.45714,0.971429,4.61429,0.728571,1.45714,0,1.94286,1.45714,0.242857,2.67143,3.4,15.7857,17.7286,146.686,1.45714,0.728571,6.8,8.5,0.728571,3.88571,0.485714,4.85714,1.94286,0,5.58571,2.18571,11.6571,12.1429,124.586
0,0,0,0,0,0,0,0,0,0,0,0,0,0,255,1.77907,1.18605,1.5814,5.33721,0.790698,3.95349,1.18605,3.36047,1.77907,0.395349,2.17442,2.37209,3.36047,5.33721,147.267,0.988372,0.790698,3.75581,11.6628,0.197674,3.36047,0.197674,5.13953,3.36047,0.593023,3.95349,2.56977,4.54651,8.10465,134.814,0,0,0,0,0,0,0,0,0,0,0,0,0,0,255,0.790698,0.395349,2.17442,3.75581,0.395349,2.17442,0.593023,1.5814,0.790698,0.197674,1.97674,7.11628,4.34884,4.94186,153.791,2.17442,2.56977,6.52326,11.2674,1.18605,3.16279,1.5814,3.55814,4.94186,0,7.51163,5.33721,8.30233,11.8605,109.709,2.96512,0.790698,1.5814,6.12791,0.790698,3.16279,0.593023,5.73256,2.76744,0.988372,4.74419,4.94186,14.2326,16.8023,112.279,1.5814,0.593023,0.593023,3.95349,0.395349,1.77907,0.197674,2.96512,3.16279,0.197674,4.54651,1.5814,5.73256,13.2442,146.872,4.74419,0.395349,0.790698,2.76744,0,3.16279,0.197674,2.17442,1.18605,0.395349,2.76744,2.96512,7.7093,13.6395,110.105,2.76744,1.5814,2.56977,7.31395,0.197674,3.55814,0.395349,2.17442,4.94186,0.593023,4.15116,4.54651,13.2442,12.8488,100.814,1.38372,2.17442,3.16279,10.2791,0.395349,3.95349,0.988372,5.53488,3.16279,0.197674,4.94186,5.53488,14.2326,19.7674,103.977,3.55814,0.593023,0.593023,3.95349,0.395349,3.36047,0.790698,2.17442,2.96512,0.197674,5.53488,1.97674,6.12791,14.2326,111.884,0.988372,0.593023,1.18605,7.90698,0,0.988372,0.197674,1.77907,2.37209,0.197674,5.13953,1.38372,6.72093,6.52326,174.349,1.38372,2.17442,4.34884,10.0814,0.593023,1.77907,0.593023,2.17442,0.790698,0.197674,1.77907,3.75581,14.0349,10.8721,159.326,1.38372,1.38372,6.72093,12.2558,0.593023,2.96512,0.593023,4.74419,0.988372,0.197674,1.18605,2.76744,13.0465,14.6279,153.395,1.18605,0.593023,6.32558,9.68605,0.395349,3.36047,0.395349,5.13953,1.5814,0.197674,1.97674,1.5814,2.96512,3.55814,179.291
